clip,category,estimator,cropping_ratio,distortion_value,stability_score,stability_input,timing_p50_ms,timing_p95_ms,timing_fps,timing_peak_vram_mb
0.avi,Regular,classical,0.896245060423394,0.9839919059413237,0.8859362748637224,0.8104733207089636,51.84474049929122,82.389148051152,18.143360439621137,1420.5625
0.avi,Regular,ihn,0.891150551565534,0.9521458809519971,0.8995258352897875,0.7900677555192892,32.49155700177653,49.22775944942259,30.02578285147996,1538.5625
1.avi,Regular,classical,0.9111291072070962,0.9826164715842989,0.7590872295924648,0.4529473633694476,71.25676900068356,82.08577344739751,17.397953388718918,1538.5625
1.avi,Regular,ihn,0.9082951062292475,0.9590804512316731,0.8756676504955858,0.8582614965535804,28.92204599811521,54.65897685025993,23.166285821602834,1538.5625
10.avi,Regular,classical,0.8998456657795393,0.9752624454788649,0.8363151773462428,0.6311931624348626,69.53415050156764,84.87409804802155,16.61947211901605,1538.5625
10.avi,Regular,ihn,1.0,0.04454553142817002,0.7706541580790947,0.06639893930907907,43.40561400022125,55.00003255219781,22.953151040246706,1538.5625
11.avi,Regular,classical,0.9069752844850111,0.973005789221845,0.8880319046885223,0.7170654890117023,66.95660600053088,81.81990439989022,15.729250644462574,1538.5625
11.avi,Regular,ihn,0.9026869612440406,0.965515725172572,0.88181748882366,0.8730249612385624,38.23855400150933,54.38220464766346,26.51188363727389,1538.5625
12.avi,Regular,classical,0.9206212048273588,0.9780736244486075,0.7243448963974826,0.2900862351016343,55.76973849929345,80.51270975120133,17.19624591287093,1538.5625
12.avi,Regular,ihn,0.9186673243224545,0.964065244254356,0.8801256238879428,0.8459072545969554,30.9850235007616,55.850140798065695,29.652081183920387,1538.5625
13.avi,Regular,classical,0.9220321193790738,0.9811154612979638,0.8975818374913362,0.5442538935471888,49.85145799946622,76.98837379921315,17.51565919505988,1538.5625
13.avi,Regular,ihn,0.9267251180606062,0.9495292778352045,0.8592619598574356,0.7861141684708608,34.10538599928259,51.00726429718633,25.095310130814003,1538.5625
14.avi,Regular,classical,0.9466016519634857,0.987224422439846,0.923152457192325,0.7019580401195452,65.06344099943817,83.10771879860113,14.139180161233375,1538.5625
14.avi,Regular,ihn,0.9381872481013586,0.9652367423825744,0.919746658075125,0.9180146788017822,37.385920999440714,54.19434974883188,27.9717863427488,1538.5625
15.avi,Regular,classical,0.9049559726859644,0.9751890272695332,0.8998316121701948,0.8153605229493661,65.79435200001171,81.54140545029804,17.01623657763967,1538.5625
15.avi,Regular,ihn,0.8990615284531112,0.9680632987978047,0.8478705111771563,0.8440268331907687,32.10360050070449,46.170833000905986,27.70461427803492,1538.5625
16.avi,Regular,classical,0.895944760511991,0.9757798569437002,0.918053250767026,0.8112367866315007,58.03079099860042,82.20140090070345,17.36133828542377,1538.5625
16.avi,Regular,ihn,0.8939903522969361,0.9695194374468107,0.8972248361339781,0.8396190861356561,33.28975149997859,48.2706231494376,30.22344607134709,1538.5625
17.avi,Regular,classical,0.8752231858217651,0.9556216509316954,0.9478232656758199,0.9393498168525481,58.742156499647535,80.52465785131062,16.002104591668218,1540.5625
17.avi,Regular,ihn,1.0,0.3965375452242142,0.3429435504226702,0.027294566889759373,28.79108399974939,57.57149695054977,30.602747229190232,1540.5625
18.avi,Regular,classical,0.8477374913065168,0.9619845004233748,0.9627159094765025,0.8191476940339311,65.16870650193596,80.44962814892642,16.487533332200645,1540.5625
18.avi,Regular,ihn,0.829839028065082,0.8975971721498192,0.9849577540378803,0.9157828587706524,37.798782001118525,55.86751695082057,30.083476216432334,1540.5625
19.avi,Regular,classical,0.924981231040813,0.9727246512109077,0.6888963936633095,0.45725697359723266,60.02572649958893,84.13497124874993,15.58493086756648,1540.5625
19.avi,Regular,ihn,0.9141917346912396,0.9695122838723227,0.8366538769701531,0.8148808857461688,33.39608250098536,47.774059652147116,29.863304108961117,1540.5625
2.avi,Regular,classical,0.9021579068482906,0.9819704239192327,0.9551800955135519,0.7913228628232267,63.33535149860836,78.47837235331099,15.950856577215824,1540.5625
2.avi,Regular,ihn,0.8957364288673315,0.9672817978627862,0.9273018407977016,0.8921994439462294,29.796519500450813,50.410498299606836,27.89710881538173,1540.5625
20.avi,Regular,classical,0.9233022144274683,0.9754707018811525,0.9511333618900202,0.9508840123595965,64.62754949825467,81.14666850069625,16.751118713118334,1540.5625
20.avi,Regular,ihn,0.9244555454728776,0.9535331417150668,0.9105174193002665,0.881318471686539,35.52623700124968,53.380819199446705,28.806546550871325,1540.5625
21.avi,Regular,classical,0.9180978411004642,0.9825299357155403,0.9514441711783563,0.9333896760334769,57.24400550025166,76.61841950121016,15.406986945940426,1540.5625
21.avi,Regular,ihn,0.9070662033292952,0.9441678343545025,0.9096498785692426,0.9006928423446049,33.84914499838487,55.80331209821452,31.31572074712558,1540.5625
22.avi,Regular,classical,0.9051070378690025,0.9670927177067027,0.939719145304226,0.9301624536306368,63.27593849891855,78.44753869885608,15.979804145689851,1540.5625
22.avi,Regular,ihn,0.9006170724070864,0.9451456733336376,0.8712956539010707,0.8403606984543224,33.25491800023883,47.26275514840381,28.072906323638296,1540.5625
3.avi,Regular,classical,0.943563723338281,0.9823759681584632,0.9189746958796081,0.8885179357276001,52.918704499461455,72.66788550041383,19.588620240399084,1540.5625
3.avi,Regular,ihn,0.9172535999747652,0.9351623999356035,0.8998354892857513,0.8977680970089257,44.65787850131164,55.098248450849496,24.651211755114645,1540.5625
4.avi,Regular,classical,0.9400797838481583,0.9875475025020033,0.9044488362212073,0.9008938068971613,59.847912001714576,77.75206924943632,18.50643001562558,1540.5625
4.avi,Regular,ihn,0.9237745260614194,0.9198612070182848,0.9177859216662937,0.9167078433557524,38.54173550098494,55.91427220206242,26.853871045640894,1540.5625
5.avi,Regular,classical,0.9169507135670439,0.973321387316322,0.8768735543688686,0.7859267100020799,68.0622689978918,80.0643308497456,16.54009248693718,1540.5625
5.avi,Regular,ihn,0.8978562431332386,0.9555052867876321,0.8468024855135289,0.8445509272839342,29.276676497829612,55.362011750548845,23.871565610699705,1540.5625
6.avi,Regular,classical,1.0,0.1727389214311894,0.807186056094011,0.03102142663851107,74.18846000109625,84.27184445063176,16.831071603493527,1540.5625
6.avi,Regular,ihn,1.0,0.09703794637898101,0.8319266879855878,0.05656029081775303,34.03536299811094,58.16413309985364,23.613315402628324,1540.5625
7.avi,Regular,classical,0.9153707695973984,0.979955083817939,0.9369043158211006,0.8797041591117885,59.886301001824904,81.1082793499736,16.384459630765047,1540.5625
7.avi,Regular,ihn,0.9028311950008521,0.976277650581988,0.8675930065760219,0.8540647204018199,48.723443500421126,58.029840948620404,30.40890227815101,1540.5625
8.avi,Regular,classical,0.9269405320731207,0.9776632144736456,0.893711139027177,0.7079317694898337,53.47713050105085,84.0043305495783,14.907610589483994,1540.5625
8.avi,Regular,ihn,0.9247512803751913,0.9669529683440446,0.951746176159409,0.9254765717562013,37.40172999823699,57.12531244935235,29.81819954363411,1540.5625
9.avi,Regular,classical,0.9131751687868483,0.9837504951619805,0.9214531456346118,0.9038957933835807,57.788867999988724,83.23338384725503,14.270381800171819,1540.5625
9.avi,Regular,ihn,0.9096130129529444,0.9623534428119316,0.9486080516878603,0.9455448290574259,28.260585000680294,53.604371949404594,30.469237574907094,1540.5625
0.avi,QuickRotation,classical,1.0,0.05816351053299195,0.7477707374463791,0.03589076777277913,55.58061849842488,81.18746639738674,15.823488910319229,1540.5625
0.avi,QuickRotation,ihn,0.8288918095532398,0.9406556913493279,0.8948865267186334,0.8159012438854378,31.401692000144976,58.266031801395,30.420087759400687,1540.5625
1.avi,QuickRotation,classical,0.7730823048033113,0.7691406793336627,0.9646785952296573,0.8385106845486864,56.6685880003206,79.9255939986324,17.36087675434617,1540.5625
1.avi,QuickRotation,ihn,0.8811022334742623,0.9547063980981416,0.9284677373275814,0.8971464915185671,51.168684500225936,56.66551565100235,23.15365077403086,1540.5625
10.avi,QuickRotation,classical,1.0,0.0024093793188774784,0.8941075802884779,0.040988574370195166,55.93455249982071,78.314617450269,15.470954037844205,1540.5625
10.avi,QuickRotation,ihn,0.8384090215998394,0.9541894166585478,0.981062450575593,0.93755315781592,28.587464499651105,57.5850031014852,29.420006954452344,1540.5625
11.avi,QuickRotation,classical,1.0,0.12649144048199015,0.7561565024974661,0.05049780196294684,55.04392249895318,80.1329848529349,14.555500355890425,1540.5625
11.avi,QuickRotation,ihn,1.0,0.10756056263298096,0.813607286874016,0.3631653189249753,28.216869997777394,56.05004135341005,30.360020689474663,1540.5625
12.avi,QuickRotation,classical,0.9020087536530156,0.9561438199838593,0.9599590910767346,0.9307447865728449,56.3824589989963,81.84648590085999,15.071716768751097,1540.5625
12.avi,QuickRotation,ihn,0.892411098902543,0.9508414955783424,0.9721652077812339,0.95530380929126,29.21916249943024,58.418430949132016,26.0933447057437,1540.5625
13.avi,QuickRotation,classical,0.781369435314976,0.9015544878698498,0.8511805516719545,0.7918265814927761,64.50227050117974,78.47979364942148,17.90729710964834,1540.5625
13.avi,QuickRotation,ihn,0.8920219307842157,0.9485073379690663,0.946196489949615,0.9333597103448141,32.81932700156176,44.832607251009904,26.926813490697512,1540.5625
14.avi,QuickRotation,classical,0.9279303247011599,0.9695991145620007,0.895010704969881,0.8902999772871372,60.115192500234116,74.87435569946683,15.695080183454335,1540.5625
14.avi,QuickRotation,ihn,0.91790399446541,0.9580720122246242,0.9272239679303237,0.9270001152826419,32.89924099954078,55.73645810218295,29.26571432211947,1540.5625
15.avi,QuickRotation,classical,0.8909751991809624,0.9564465716299646,0.9178314927962471,0.889715854590699,63.00210299923492,75.03450075000728,17.015300926321146,1540.5625
15.avi,QuickRotation,ihn,0.8735702604828074,0.9682457046383788,0.9248038904626965,0.9180011879144965,34.21154200077581,52.72625910092756,26.857435280142276,1540.5625
16.avi,QuickRotation,classical,0.925984836088943,0.9530082159374809,0.9619312480701773,0.9620058532203015,60.80889700024272,74.34819590034749,18.838992094771537,1540.5625
16.avi,QuickRotation,ihn,0.8676776955375385,0.929039765454969,0.8167377396220883,0.79719235505912,31.61085400097363,52.95365330148342,25.184047759778156,1540.5625
17.avi,QuickRotation,classical,1.0,0.0841604232405955,0.9425731138956379,0.10047484601565021,59.91912450008385,76.72327304953797,15.730646005914203,1540.5625
17.avi,QuickRotation,ihn,0.7962150044638278,0.9163299708314435,0.8567318296431234,0.8364706403909071,38.58951999973215,54.723293951428786,27.552694861621028,1540.5625
18.avi,QuickRotation,classical,0.8240682870167172,0.9020857966085909,0.9943366765874825,0.9828223793405413,59.51188200197066,75.39682395072305,17.499563541203802,1540.5625
18.avi,QuickRotation,ihn,0.8413572038346403,0.9431406079562188,0.9922368842540645,0.9687520993426202,33.74945700124954,46.78843265137402,29.88945276204402,1540.5625
19.avi,QuickRotation,classical,1.0,0.036501434127069785,0.2637861382487374,0.011421825232346423,60.17241049994482,76.04138999995484,16.418460863681844,1540.5625
19.avi,QuickRotation,ihn,0.899010837593803,0.939126685996118,0.9280420784021353,0.9110357357741142,32.18976399875828,45.19301024756714,29.762281245909893,1540.5625
2.avi,QuickRotation,classical,0.7854470595357356,0.873108522738564,0.9531792330692886,0.9438296020835704,63.51300700225693,81.77551585158653,16.02785897823895,1540.5625
2.avi,QuickRotation,ihn,0.8209760874173566,0.9298504489342264,0.9397969245826225,0.919806797169928,31.047227997987648,50.159862397595134,27.527984328790847,1540.5625
20.avi,QuickRotation,classical,1.0,0.10144629604402841,0.8674538335584134,0.08241540911132084,58.12428900026134,69.91533930031437,15.301068958690465,1540.5625
20.avi,QuickRotation,ihn,0.2921276119552321,0.572608878259001,0.9039063520998714,0.0876446428319847,34.13675900083035,56.17175800216501,29.923016194440475,1540.5625
21.avi,QuickRotation,classical,1.0,0.008073694801553656,0.8687354796033113,0.15457797950801389,63.560493999830214,78.46821765142522,16.489101425521277,1540.5625
21.avi,QuickRotation,ihn,0.8649120860912204,0.9442515064767045,0.8734689792880628,0.8494180847035403,32.436898502055556,52.70934640266205,26.695972594156974,1540.5625
22.avi,QuickRotation,classical,1.0,0.0900966785005863,0.7348961374877204,0.05853737741173,62.449376500808285,80.16127500013681,17.662030856447817,1540.5625
22.avi,QuickRotation,ihn,0.8639932725432531,0.9565001844824496,0.9172484816098472,0.8871546829886965,33.875025999805075,48.476738653334905,28.33598972281968,1540.5625
23.avi,QuickRotation,classical,1.0,0.0011377800780648466,0.8525690511587194,0.06263605153863525,55.95241899936809,71.9616144993779,17.52261493871814,1540.5625
23.avi,QuickRotation,ihn,0.8775953572752714,0.9566888341225185,0.9415756408243415,0.9378023677388206,34.03890450135805,47.42619730131991,26.569286610734636,1540.5625
24.avi,QuickRotation,classical,1.0,0.008595871519640138,0.782829940550134,0.0392449118685797,69.99214899951767,84.53781055050058,17.02299812068687,1540.5625
24.avi,QuickRotation,ihn,0.8512042123433784,0.9447457787661266,0.7591682474957417,0.7462867330747629,28.841389999797684,53.887120450963266,26.058351184254892,1540.5625
25.avi,QuickRotation,classical,0.741643258057553,0.8402114235878593,0.9914647364937735,0.9614391165427592,58.58015199919464,73.08280400084186,15.262365830162075,1540.5625
25.avi,QuickRotation,ihn,0.8321658488546619,0.9385681262912331,0.8277650338862889,0.7765273583856339,38.171312500708154,51.95118635056133,28.31353817134068,1540.5625
26.avi,QuickRotation,classical,1.0,0.02932964155633032,0.8193921211173194,0.03739211884218017,55.85296649951488,79.89449654978671,15.553972746995788,1540.5625
26.avi,QuickRotation,ihn,0.8106549563984256,0.8714253555533606,0.8531786391134716,0.85560202830375,33.484501002021716,50.6953309992241,30.012238432613625,1540.5625
27.avi,QuickRotation,classical,1.0,0.005751002160177414,0.873529388008577,0.07799418222664127,61.20956599806959,81.89608700085955,15.209661276376778,1540.5625
27.avi,QuickRotation,ihn,0.839921871366617,0.9478590518213106,0.86988597655884,0.8362118290681535,33.72231000139436,47.57707949866016,29.9791101243771,1540.5625
28.avi,QuickRotation,classical,1.0,0.015628761838793193,0.7675474667551343,0.028783261893427455,59.63396799961629,77.74700169829885,15.752370701150728,1540.5625
28.avi,QuickRotation,ihn,0.8408515029421069,0.9556498728442232,0.8828615950633807,0.872580621664217,29.529947001719847,50.220420201185334,27.009508229277145,1540.5625
3.avi,QuickRotation,classical,0.8808090898587376,0.9039081115035191,0.986177832281385,0.9625235234096832,62.63941650104243,75.42972379924322,15.411036556465303,1540.5625
3.avi,QuickRotation,ihn,0.8769620858395191,0.9603013641011863,0.9657725506995055,0.9119964318619256,32.193619499594206,57.1797794487793,23.539938581525696,1540.5625
4.avi,QuickRotation,classical,1.0,0.04785142747961895,0.8848121237990012,0.04609599777304982,56.413568499920075,76.9025084500754,15.940447317722603,1540.5625
4.avi,QuickRotation,ihn,0.9018066357780549,0.9311669508812225,0.868929745543372,0.8588368121726373,34.62868799942953,54.469997351225174,25.599689526961637,1540.5625
5.avi,QuickRotation,classical,0.6693954569443819,0.8052332157953868,0.9546986542129365,0.811125710250864,67.96712249888515,84.64979100099299,15.478588488589281,1540.5625
5.avi,QuickRotation,ihn,0.8625201285896013,0.9339604701911761,0.9110649456464965,0.8604328889906828,42.38930150131637,56.24113465146365,23.43661243533929,1540.5625
6.avi,QuickRotation,classical,0.42573465914816,0.7881927632026157,0.9219535787405909,0.7227039850086299,58.727310000904254,84.6217489513947,16.016121941092976,1540.5625
6.avi,QuickRotation,ihn,0.695671138781345,0.906909388979998,0.804622506390989,0.7298550704040706,37.71696699914173,58.8117316021453,27.248434208637878,1540.5625
7.avi,QuickRotation,classical,1.0,0.024862559537724437,0.85829160882794,0.08973989512091976,71.4343169984204,81.83747794719238,16.523088829147717,1540.5625
7.avi,QuickRotation,ihn,0.8756966472789282,0.9531227269077125,0.9413243344681765,0.8774527987699998,28.126861499913502,55.55992775134655,26.35288752223632,1540.5625
8.avi,QuickRotation,classical,1.0,0.015859346475607657,0.823812708019092,0.0328652468488392,61.26013949869957,81.50279480141762,15.76123296828575,1540.5625
8.avi,QuickRotation,ihn,1.0,0.22618544588544082,0.8742365381397741,0.03303272498045526,28.535736999401706,55.49044525050704,28.529807275189757,1540.5625
9.avi,QuickRotation,classical,1.0,0.03270249393246412,0.9038320250005848,0.02379074400828639,56.82176550180884,79.56874519732082,16.9882357524057,1540.5625
9.avi,QuickRotation,ihn,0.8458179391045754,0.9445054379462742,0.8857870042441482,0.8810337097443223,29.08639650195255,52.73272220256331,19.74281176132435,1540.5625
0.avi,Zooming,classical,0.8463181082062334,0.9798151131943676,0.9066569574797547,0.8775434284147507,74.19561650021933,87.39920349962631,15.647822691692978,1540.5625
0.avi,Zooming,ihn,1.0,0.06790757450524902,0.5423523726909807,0.024240848278260705,48.26196400063054,57.17398434826464,25.118938721184072,1540.5625
1.avi,Zooming,classical,0.951602267231431,0.9941506835156882,0.8955059095796397,0.864562899112215,50.90696699880937,79.17623249941244,17.028864947814448,1540.5625
1.avi,Zooming,ihn,0.9413670245977389,0.966452383611876,0.8945190401099227,0.8954187829252818,51.28924500058929,58.37601889852522,28.618672226495146,1540.5625
10.avi,Zooming,classical,0.8526612750676554,0.9678074942524241,0.8785793651659216,0.869163454099662,48.054265998871415,76.83816415101319,16.083945001500464,1540.5625
10.avi,Zooming,ihn,1.0,0.05949635851136173,0.49670351510610555,0.03741321055125933,28.193494499646476,54.948352001883904,30.17400586080157,1540.5625
11.avi,Zooming,classical,0.9317182827085305,0.9925583844351039,0.9265562573601791,0.9266981488855757,67.48481650174654,82.7713725506328,16.10828121944914,1540.5625
11.avi,Zooming,ihn,1.0,0.011756564507752169,0.8609280933928313,0.04652836354479073,28.787578499759547,51.603035301377524,23.65066775890363,1540.5625
12.avi,Zooming,classical,0.8735106372181929,0.9589463641237052,0.9003390116611738,0.8981067369867912,69.08304850003333,81.23570445113728,17.90474435933318,1540.5625
12.avi,Zooming,ihn,1.0,0.6475781976639553,0.8149684384407333,0.06908302072715697,49.22866050219454,56.00297760011017,22.96942980465909,1540.5625
13.avi,Zooming,classical,0.7675323464048781,0.9616780102341155,0.8877434092863568,0.882047158649717,65.1437625001563,80.65298550136504,17.612009837188197,1540.5625
13.avi,Zooming,ihn,0.7880123994371324,0.9444494170813805,0.8392391386100434,0.8418805960325428,50.91727150102088,57.366294601524714,22.41537487490542,1540.5625
14.avi,Zooming,classical,0.7817081989677052,0.954786305154808,0.8221627429681273,0.7451363215313442,53.518332499152166,77.82056260093668,14.921286414460232,1540.5625
14.avi,Zooming,ihn,1.0,0.020767159210130753,0.7593779482049741,0.12451484716236791,53.61633850225189,57.714207499157055,31.47453515356911,1540.5625
15.avi,Zooming,classical,0.2327559821405719,0.7977070852902408,0.2957449089761231,0.5453978805179821,69.80570150153653,82.51771934774297,15.900314441439363,1540.5625
15.avi,Zooming,ihn,0.41608292442733097,0.8304374987869118,0.538735512763715,0.7058630666693786,48.00516849900305,56.11198130009143,22.29779895182142,1540.5625
16.avi,Zooming,classical,0.6612737603376616,0.9249688057525428,0.9297679021250481,0.825880373561091,72.44626400097331,85.4943207496035,18.081432792328087,1540.5625
16.avi,Zooming,ihn,1.0,0.10434287804958285,0.6323964751840503,0.010059593740558738,47.21038749812578,55.79830704991764,21.58166366830592,1540.5625
17.avi,Zooming,classical,0.6862298873798294,0.9072512561935983,0.9612245285970052,0.8685203622859925,57.51628350117244,79.06209669872624,16.110616051748487,1540.5625
17.avi,Zooming,ihn,0.7190337604112279,0.9057300213514274,0.8791156344058728,0.5367081601218704,28.40399150227313,55.59187779908825,29.083126750771637,1540.5625
18.avi,Zooming,classical,1.0,0.5762171690946019,0.7092543871963569,0.010219730190632614,53.11578049986565,75.75157380051678,18.033064078864765,1540.5625
18.avi,Zooming,ihn,1.0,0.5170446199634002,0.8077839114071377,0.04235926579939202,31.3608659998863,54.18265475163935,22.29158516445845,1540.5625
19.avi,Zooming,classical,0.8697161893399478,0.9755274425823547,0.9489244739267741,0.9384711571257515,71.60338050016435,84.28312275191274,16.93208419794055,1540.5625
19.avi,Zooming,ihn,0.8210685999557731,0.9550735723678909,0.9236842562371592,0.8449550667007242,29.77577149795252,55.54234110040852,23.188917824539747,1540.5625
2.avi,Zooming,classical,0.8954311112531215,0.9812889498395079,0.9301790479980345,0.9203277545955217,74.7131209991494,85.09662845099228,17.37810896835451,1540.5625
2.avi,Zooming,ihn,1.0,0.19094981429171545,0.8922917673058364,0.15143023748739443,30.772484502449515,56.899269698806165,23.509379615950397,1540.5625
20.avi,Zooming,classical,0.6344288770224761,0.9349441887713459,0.8937321398492952,0.9116187057865486,51.80771450068278,78.34549255057937,15.657733232618677,1540.5625
20.avi,Zooming,ihn,0.6110527118560777,0.939738314781701,0.9590018603076336,0.9540638045881776,52.105379500062554,56.40006800022093,23.543204348788418,1540.5625
21.avi,Zooming,classical,0.8595687912810961,0.9625786009787071,0.9428406441112489,0.9281114262186697,63.73159599934297,84.75903174985433,16.10098269715786,1540.5625
21.avi,Zooming,ihn,1.0,0.3062241630867987,0.891375449025058,0.13746521330896722,52.8427625013137,56.67919460192934,30.143657779129814,1540.5625
22.avi,Zooming,classical,0.7923242882669809,0.9476148378435912,0.968847695627507,0.9602440729258802,68.06827749824151,84.3517012988741,18.407787485324626,1540.5625
22.avi,Zooming,ihn,1.0,0.0956512484486188,0.5847193920044614,0.031000202194669375,41.25742399810406,56.4269675011019,22.56431563974733,1540.5625
23.avi,Zooming,classical,0.7675040716504375,0.9452025512156361,0.9465551859782222,0.9273478490448048,64.79736850087647,78.9442903471354,16.808675472968456,1540.5625
23.avi,Zooming,ihn,0.7527034608662299,0.9407995013334075,0.9552852625192326,0.9348956227390366,52.952607002225704,57.77161759760929,22.860277965311365,1540.5625
24.avi,Zooming,classical,0.8771649803644567,0.9710894621074706,0.9119915761336539,0.9102045539957146,55.561642002430744,83.95222915132761,16.858504998192878,1540.5625
24.avi,Zooming,ihn,1.0,0.008691710786258718,0.45726285520976695,0.027040531800384,48.62735249844263,56.266140701154654,24.415365467464028,1540.5625
25.avi,Zooming,classical,0.8899223592850982,0.9588747094106049,0.9530380120562885,0.9499634545077691,57.38098150141013,76.22710259875021,19.41928212863612,1540.5625
25.avi,Zooming,ihn,1.0,0.02389223369718637,0.0791333632520722,0.029296769567426374,49.964059000558336,57.947469548889785,22.538968207578115,1540.5625
26.avi,Zooming,classical,0.8471433820329486,0.9522725022839361,0.9525958096599786,0.9530597802893985,48.576164999758475,80.83493574795284,16.440276753540857,1540.5625
26.avi,Zooming,ihn,1.0,0.049791283250220704,0.8380136049887021,0.027599706477332724,32.30965699913213,58.2443080495068,29.719198282805078,1540.5625
27.avi,Zooming,classical,0.833052035856371,0.9514989137742876,0.933519800908678,0.7838376760365894,47.06018249999033,79.97984175053716,17.306971991178187,1540.5625
27.avi,Zooming,ihn,0.8240761873152264,0.916249007867536,0.9181890101433652,0.9163942083454512,51.07417249928403,56.64193325173983,27.64271195504724,1540.5625
29.avi,Zooming,classical,0.899218410621135,0.9807408565031162,0.8960898480089574,0.8834661125438068,54.646368500471,80.5053181018593,16.98943871725485,1540.5625
29.avi,Zooming,ihn,0.8883651886095792,0.960119763907436,0.9036431517035979,0.8992693514006885,50.62106800141919,58.05751445222995,27.698895877248763,1540.5625
3.avi,Zooming,classical,0.8992087571242224,0.9758906433375099,0.9428185156924388,0.8477289138766657,75.4857775009441,82.2904158008896,17.48689353177226,1540.5625
3.avi,Zooming,ihn,0.8958454456545504,0.9567631625114315,0.9212354169712795,0.9231597690512572,28.498166500867228,54.205648901370296,22.908949070789436,1540.5625
4.avi,Zooming,classical,0.9217543470951949,0.9809193350611448,0.8318593789666069,0.7019198706963907,68.72653700156661,81.13525159933488,17.562602708302823,1540.5625
4.avi,Zooming,ihn,0.9065157656286698,0.9584068167685605,0.7477134874776453,0.7251259999962285,33.16768900185707,54.48843060039508,22.811752558517924,1540.5625
5.avi,Zooming,classical,0.8737863607121976,0.9609378703487468,0.9317966957740205,0.9276603441720361,49.95417250029277,74.14555010200273,18.16357572663586,1540.5625
5.avi,Zooming,ihn,0.8786926052064193,0.9305059739924532,0.9233167891149316,0.9076928964627662,28.890037499877508,52.06367335031245,25.236506997869675,1540.5625
6.avi,Zooming,classical,0.892484049032686,0.9700600067613486,0.9283083419167815,0.9198523243011469,52.3824779993447,82.69643404837552,14.12424883110042,1540.5625
6.avi,Zooming,ihn,0.8808928551317817,0.9567575169893036,0.9371698926410198,0.8382151168673396,50.904989500850206,57.14573854966147,31.366680434226666,1540.5625
7.avi,Zooming,classical,0.8726406683802396,0.9641026260378336,0.6315447072492164,0.6121739815566831,70.19861500157276,81.16957109741634,17.71120830116591,1540.5625
7.avi,Zooming,ihn,0.5715703879080278,0.9172863943446495,0.5457944716686465,0.3954427612947383,39.07762249946245,57.53725805061549,22.058978059037756,1540.5625
8.avi,Zooming,classical,0.9459801648143699,0.9847549861429281,0.933316086663261,0.919716198273266,70.84601649876276,84.19029745000444,17.65111102023539,1540.5625
8.avi,Zooming,ihn,1.0,0.028158120842745354,0.778761739673557,0.07631446273136286,51.49212400101533,56.71287570057757,21.251076114129773,1540.5625
9.avi,Zooming,classical,0.8369712261083612,0.916869820308814,0.8889224443221001,0.7870122119008429,52.16735249996418,78.2533641997361,16.490076226780403,1540.5625
9.avi,Zooming,ihn,0.8477912478906585,0.9476652347569507,0.8925399058869645,0.8306552563402889,38.813094499346334,56.453451199377014,28.81483514867023,1540.5625
0.avi,Parallax,classical,0.9075063131093543,0.9676991298958428,0.9927787358432869,0.9863558405337118,72.26251700012654,81.50250309936382,17.197728604908203,1540.5625
0.avi,Parallax,ihn,0.8935290130836392,0.9435487390802558,0.9908344472344525,0.9859338345713426,51.49696700027562,56.555246596872166,24.840029119517812,1540.5625
1.avi,Parallax,classical,0.9185586535436918,0.9603766173042183,0.9784653308084037,0.8976064698957926,52.96180749974155,81.74550964977243,16.230242342513854,1540.5625
1.avi,Parallax,ihn,0.878897569401577,0.9142805475977913,0.9299802659552672,0.89526768080171,54.77768300079333,57.64115810052317,29.156755460591455,1540.5625
10.avi,Parallax,classical,0.8998167251662357,0.9617221712229855,0.9409122500395574,0.8565717828909574,67.20477049930196,84.14858905089204,16.574220015388963,1540.5625
10.avi,Parallax,ihn,1.0,0.025709309950443474,0.7218257962956308,0.02279887310447286,39.904062998175505,55.470027449882764,22.045594982599315,1540.5625
11.avi,Parallax,classical,0.9221945067789838,0.9427719417898046,0.9156849384752268,0.9055616201509002,67.34865899852593,75.2826742529578,17.54183951857339,1540.5625
11.avi,Parallax,ihn,0.9128328920941056,0.9149646781449775,0.8964812466391836,0.7953613941221478,27.806888998384238,52.65490679794311,29.391527074820548,1540.5625
12.avi,Parallax,classical,1.0,0.16840278229482825,0.7008679844585746,0.17686469748910622,50.99976600104128,79.41764530060027,14.995837167602508,1546.5625
12.avi,Parallax,ihn,1.0,0.022470919917442458,0.30267172050780616,0.01951415664395395,28.196031500556273,56.426100598946505,29.795214375026998,1546.5625
13.avi,Parallax,classical,0.8082662128490423,0.9329877892136964,0.9339071588685072,0.8423363464854797,70.0857489991904,78.84789439794986,17.436815673983826,1546.5625
13.avi,Parallax,ihn,0.8064700119708936,0.9150780312576812,0.8777655235086221,0.802021370132235,31.140673998379498,55.33003439741151,22.15248917933313,1546.5625
14.avi,Parallax,classical,1.0,0.5407192405486276,0.6602447618271419,0.042242799317917204,62.44027050161094,79.26580139956059,15.075919125074769,1546.5625
14.avi,Parallax,ihn,0.9408551075130184,0.9612393374989648,0.9048055694770858,0.8989976912877091,28.65201350141433,55.90886825193593,28.705884012346747,1546.5625
15.avi,Parallax,classical,1.0,0.3923055238966499,0.8015790971217136,0.03875511976955416,66.57759200061264,75.84881499933545,18.633367768667927,1546.5625
15.avi,Parallax,ihn,1.0,0.1306194230038468,0.774489590983273,0.044520787094223815,28.87333949911408,58.049155601111124,20.402986915097546,1546.5625
16.avi,Parallax,classical,0.8551315688243535,0.915718389000847,0.8543999807819981,0.8431194561555568,65.93116949989053,79.80093140067765,15.389766069402802,1546.5625
16.avi,Parallax,ihn,0.8843253077911997,0.941688207636818,0.8694468588889849,0.8616831982722758,41.4500874994701,57.17296019774949,27.805069503926724,1546.5625
17.avi,Parallax,classical,0.8786197449693468,0.9625531152890507,0.9209652237623352,0.8073663808065705,65.2325800001563,78.51813315210165,15.901217242115328,1546.5625
17.avi,Parallax,ihn,1.0,0.3637704063183779,0.5984621778255871,0.13795618366886642,27.966182000454864,55.15888434929366,23.95845008858969,1546.5625
2.avi,Parallax,classical,0.9189247755151427,0.9370462041843426,0.9348410879596749,0.9064443358015986,58.697769500213326,83.10812824893219,13.926566780108828,1554.5625
2.avi,Parallax,ihn,0.823376717396114,0.8761561269627196,0.9905655502873376,0.9408038013422968,42.992897499061655,56.43389590004517,23.83382412967631,1554.5625
3.avi,Parallax,classical,0.8900412316838037,0.9425180622980137,0.8884006000010534,0.8695924291413969,70.46831150000799,86.27268925047247,16.378729773783064,1554.5625
3.avi,Parallax,ihn,0.9040364489563829,0.9653166165304732,0.864544823656478,0.8008699640501677,37.42966199934017,56.92657254985534,28.313946019945437,1554.5625
4.avi,Parallax,classical,0.9072910686947895,0.9082855366395223,0.9560140404876882,0.9555446952830166,50.49827150105557,77.50027844758733,16.10480590763951,1554.5625
4.avi,Parallax,ihn,0.8923478706324245,0.9086316173618156,0.9199458111884871,0.9106051985125535,28.29349350031407,57.98842620170035,29.056259499337568,1554.5625
5.avi,Parallax,classical,0.9105948290586398,0.9614563991677129,0.7877355237342782,0.6904490439807266,62.20142299935105,77.87751784780994,15.496745238971506,1554.5625
5.avi,Parallax,ihn,1.0,0.13800630075891807,0.6899294703462139,0.01179381121494541,27.86838050087681,54.89184130092326,25.450768343965926,1554.5625
6.avi,Parallax,classical,0.9150791177087731,0.9703423592967036,0.9409518923038513,0.9139514285623421,70.56399549946946,80.88284234963794,17.072473176682205,1554.5625
6.avi,Parallax,ihn,0.9149225832458904,0.9470481583200726,0.8802319205348637,0.8774837600592845,28.89895549924404,56.24508930250158,26.223268351955763,1554.5625
7.avi,Parallax,classical,1.0,0.07511318005983125,0.8525101674492668,0.0367628411694894,59.196570500716916,78.2167750003282,16.36676551422577,1554.5625
7.avi,Parallax,ihn,1.0,0.07315348361029606,0.8066744642338604,0.10218617967584451,27.753764001317904,46.165260351517624,22.531413697473624,1554.5625
8.avi,Parallax,classical,0.8970274260718007,0.9528130123396529,0.8783922256113533,0.8711603840595767,59.84210049973626,78.0005409507794,16.525864822067405,1554.5625
8.avi,Parallax,ihn,0.9058314406987281,0.9468749090121367,0.9324102882066004,0.9322821848898888,28.16060850091162,53.87268520098587,25.024458279906828,1554.5625
9.avi,Parallax,classical,0.8509645262876708,0.892280192462891,0.8441998238086417,0.681894443756116,66.77001400203153,80.90128624771751,16.676719398683236,1554.5625
9.avi,Parallax,ihn,1.0,0.06375786507286586,0.6628530840649489,0.045601107227192086,29.910789999121334,53.17143455067708,22.30345196921414,1554.5625
0.avi,Crowd,classical,0.8969639183564372,0.9532379385010882,0.9892095451065923,0.9759027329440882,82.45134950084321,97.11373200188973,15.860212273580078,1554.5625
0.avi,Crowd,ihn,0.8984506339619704,0.9410492416541142,0.9815812629836607,0.8768759183304178,43.653171000187285,56.9882398000118,27.911619708400337,1554.5625
1.avi,Crowd,classical,0.871354011008155,0.9590928930411593,0.7680528731394147,0.6481847824573485,54.655628500768216,81.28166129990859,15.192025592372158,1554.5625
1.avi,Crowd,ihn,0.8639932725432531,0.9508740802378617,0.9596273905134124,0.9492427504310817,39.82812599861063,56.3491292488834,28.285030419291964,1554.5625
10.avi,Crowd,classical,0.8822836727304131,0.9609208991880065,0.8645914699684124,0.7694120950870666,65.69885949829768,80.72587315018609,18.043896483325792,1554.5625
10.avi,Crowd,ihn,0.8908972537092404,0.9544534050142888,0.9216193811883924,0.8625353309566494,28.539676999571384,54.846431398254936,22.953921437797245,1554.5625
11.avi,Crowd,classical,0.9177928687890312,0.967133620826957,0.8457368936063563,0.8152754431688427,50.469397499909974,76.87950049967185,15.322227979740173,1554.5625
11.avi,Crowd,ihn,0.8863524466724408,0.9521045026839356,0.9395583499973748,0.8933438531666106,30.45016150281299,58.07826419968478,28.118770578115793,1554.5625
12.avi,Crowd,classical,1.0,0.011193681992035477,0.7900571263043508,0.037875209663715145,64.2058020002878,79.25736860179313,17.821060260475498,1554.5625
12.avi,Crowd,ihn,1.0,0.17917030683322022,0.8067584959689342,0.07100032055534602,42.889472999377176,56.58975245005422,22.914297541702965,1554.5625
13.avi,Crowd,classical,0.9039266194406123,0.9581492158578686,0.9190489551555919,0.9022620141874509,48.884493500736426,78.02513694823574,15.385023634499465,1554.5625
13.avi,Crowd,ihn,0.8847080497731065,0.9304185625012815,0.9047537785397519,0.9034177050706402,52.04670199964312,56.65986419990077,21.5527630693548,1554.5625
14.avi,Crowd,classical,1.0,0.0646305096548306,0.49546129124499916,0.029104285799056575,53.39263650057546,80.60624440113315,15.3923691461213,1554.5625
14.avi,Crowd,ihn,0.8543749745996907,0.9341409478758511,0.9082086931186341,0.7573373592454221,28.722467000989127,55.307862646986905,25.631202765152267,1554.5625
15.avi,Crowd,classical,0.8926688293476416,0.9428065703670124,0.8846128458594779,0.7914350090711174,62.45766999927582,79.02328239870258,17.96240703693673,1554.5625
15.avi,Crowd,ihn,1.0,0.014743011019634883,0.8894561987481031,0.16974108463762938,49.35407300035877,56.80397889991582,21.829132727271542,1554.5625
16.avi,Crowd,classical,0.8760707733967615,0.9252743253065104,0.6116410958128515,0.5338188748925867,66.21879949852882,84.16573079957743,16.66004060477954,1554.5625
16.avi,Crowd,ihn,0.874171234497122,0.9002726742420001,0.8840479217263362,0.8304050276894671,50.51752300096268,56.309055949532194,25.155580264402346,1554.5625
17.avi,Crowd,classical,0.8809938556034946,0.927621964876214,0.9669492420387122,0.926519395766301,71.72426400029508,81.80743059729139,17.614640813708306,1554.5625
17.avi,Crowd,ihn,0.8754834973696916,0.9316351893504652,0.9766682656087189,0.944517056833742,49.608794499363285,56.89066049963003,22.995269099807103,1554.5625
18.avi,Crowd,classical,0.8742059889471766,0.9243868423394724,0.7665707218346701,0.7338042355570144,67.91163200250594,81.18542050233373,18.16927748882233,1554.5625
18.avi,Crowd,ihn,1.0,0.0912859077880723,0.6087077228396435,0.014237592325115043,44.41196599873365,56.313561050956196,21.855805366374977,1554.5625
19.avi,Crowd,classical,0.8780452959082844,0.9567134495782924,0.7630443201520254,0.5730755833050047,62.4447415011673,76.37601355017978,18.41310179220494,1554.5625
19.avi,Crowd,ihn,0.8795763263576896,0.93072569149332,0.8858172067019058,0.7995430626119948,51.49930700099503,56.90256049820164,24.482839985784235,1554.5625
2.avi,Crowd,classical,0.8865017860482102,0.9529447627928471,0.960734586832258,0.8919172821675048,61.96413500038034,75.45535904973804,20.368362379504703,1554.5625
2.avi,Crowd,ihn,0.8744442679655335,0.9579626205601465,0.9240504132952663,0.881107675447818,29.177930000514607,58.107825950901315,21.481161609966,1554.5625
20.avi,Crowd,classical,0.8657045942147035,0.940807377512068,0.8354674601538503,0.7685940070659518,55.0914625000587,86.55926624815038,16.05446448305954,1554.5625
20.avi,Crowd,ihn,0.863829993079914,0.9469262497687908,0.8917106926348091,0.8346317202739494,46.93093249989033,52.994513849807845,31.126913174183972,1554.5625
21.avi,Crowd,classical,1.0,0.09838435674635776,0.8979131760352725,0.033002473140240254,59.819043997777044,79.37486254977557,17.3604892800823,1554.5625
21.avi,Crowd,ihn,1.0,0.11431432569047556,0.7599121040564487,0.028742700222171444,48.543482000241056,56.79393369919126,22.48391235824425,1554.5625
22.avi,Crowd,classical,0.8426149773176358,0.9570979786681161,0.9798184458568863,0.9221616809167953,64.2474440010119,79.5609595523274,17.389100205283075,1554.5625
22.avi,Crowd,ihn,0.864179122378894,0.8585417464001501,0.9709132333355962,0.9643924962162245,38.89910699945176,57.43325045132224,21.700038235737832,1554.5625
3.avi,Crowd,classical,1.0,0.09806914211836378,0.8311068144370504,0.04643773984872096,60.18685499839194,76.22558285020204,15.357656389195135,1554.5625
3.avi,Crowd,ihn,1.0,0.0256929815715361,0.25763595735643446,0.002489034565964938,27.842264500577585,53.8394908002374,27.141354694773405,1554.5625
4.avi,Crowd,classical,0.924211375534118,0.9477016607575411,0.7699952472143198,0.6229046933021932,58.962879002137925,83.37846265185362,16.1566914636666,1554.5625
4.avi,Crowd,ihn,1.0,0.056575342412862314,0.3404642084487146,0.0383519242641972,46.52443949998997,57.42887330143276,28.917857213551468,1554.5625
5.avi,Crowd,classical,0.8934367166546642,0.9498617591742122,0.9592071832659226,0.9438408017864879,62.03123100021912,79.10756029941695,15.733228693352766,1554.5625
5.avi,Crowd,ihn,0.876724491122116,0.8980125462482597,0.894422153174256,0.6947362209759147,32.086854000226595,56.3175602001138,23.167627671822014,1554.5625
6.avi,Crowd,classical,0.893310400825056,0.9590630074240589,0.9037853459300658,0.8795368401662405,51.62236450087221,78.5342317991308,15.356023333825133,1554.5625
6.avi,Crowd,ihn,0.8805380299693036,0.9394874307490779,0.9324730698761955,0.910722560668862,39.8162385008618,57.64165290056553,28.544790898774494,1554.5625
7.avi,Crowd,classical,0.8928973205245943,0.9558591453583308,0.862190970693764,0.7480291912587277,63.53388849856856,80.23030954973365,16.503815228636437,1554.5625
7.avi,Crowd,ihn,0.8513826581247446,0.9232743048743415,0.781449201651951,0.7181153990861051,28.27667950077739,54.856354602270585,23.754588710138925,1554.5625
8.avi,Crowd,classical,0.8775013849308476,0.9534170303330748,0.9757539842798855,0.9310049066638079,52.83403899920813,80.05568244916503,14.089855718180859,1554.5625
8.avi,Crowd,ihn,0.8762491084160942,0.9491136063830247,0.8919132739052887,0.8373443344272854,30.14881550006976,56.58098164876719,28.901962287558312,1554.5625
9.avi,Crowd,classical,0.8862373647430279,0.9274340554993133,0.8534323134592731,0.8070892197376005,73.7697050008137,84.49364584976138,17.23050923267653,1554.5625
9.avi,Crowd,ihn,1.0,0.06462699036010336,0.8395810323669094,0.05834433671774859,45.13024449988734,55.52573829936591,22.925691760219827,1554.5625
0.avi,Running,classical,0.7194923702398333,0.8720393148332565,0.8888364872342509,0.7168629082414849,72.00208099857264,87.54688700137194,16.677422575786508,1554.5625
0.avi,Running,ihn,0.7667657318242646,0.905179126983928,0.919169903791783,0.7966477650126509,51.110083501043846,58.18423574928602,24.290216866406276,1554.5625
1.avi,Running,classical,1.0,0.04495816548926286,0.6313517803134758,0.014537413880392827,52.04783950102865,77.25659424904734,15.98223330048656,1554.5625
1.avi,Running,ihn,0.7836878630339165,0.9276103375204445,0.9733022182009936,0.9155476032058488,49.702054498993675,56.85941685078433,29.843622070467475,1554.5625
10.avi,Running,classical,0.7184026938671344,0.8722699027749802,0.9531089694474961,0.8672620275263141,56.772554000417585,79.20296995034732,15.86303082531307,1554.5625
10.avi,Running,ihn,0.757050196486336,0.9089086057264343,0.9413528906212761,0.8531939793109573,29.074807000142755,57.63863980064343,24.51096759777957,1554.5625
11.avi,Running,classical,0.7215194230079865,0.9074985917027786,0.8823335357045232,0.6569609154420586,76.1357589999534,83.18708979822986,16.516374924804538,1554.5625
11.avi,Running,ihn,1.0,0.4026934571537093,0.8056577388107132,0.06769991924830684,30.22128350130515,54.41681404681731,22.039101507219588,1554.5625
12.avi,Running,classical,0.7630633165078767,0.9084932766501594,0.9270914295857035,0.8807838786706953,62.84087250060111,81.85871225014125,15.927806368998906,1554.5625
12.avi,Running,ihn,0.7836878630339165,0.9199937007282989,0.8866119562640449,0.8596967119967426,28.781973000150174,55.03930404993298,23.00325131242905,1554.5625
13.avi,Running,classical,0.7262441432160094,0.898418871866797,0.9667856481085968,0.7641460538093893,49.88690000027418,71.17191850084055,14.913847959703734,1554.5625
13.avi,Running,ihn,0.7781270916973225,0.931213681861426,0.8372384358536428,0.6460555224759325,44.1425929984689,56.50376289813721,28.83362965416803,1554.5625
14.avi,Running,classical,0.7320686300932903,0.8946559971780713,0.9051510383959492,0.6395222878393854,50.641293501030304,79.25990870025998,16.88859730027558,1554.5625
14.avi,Running,ihn,0.7877314474700964,0.925521664853021,0.89516905512777,0.6747298892499494,50.377600999127026,57.169250899642066,24.06028411203561,1554.5625
15.avi,Running,classical,0.7732843914110772,0.9124620992137469,0.8352959539721916,0.6623816762609593,68.65113650019339,82.3999238489705,16.575819869072127,1554.5625
15.avi,Running,ihn,0.7850712104997581,0.9198639202760018,0.841813372379682,0.515416377236874,51.14618849984254,56.72534020104649,28.91732941202331,1554.5625
16.avi,Running,classical,0.7966618723705113,0.9001195902743518,0.9328693122060397,0.6781908122661242,52.61654149944661,80.15583399810566,15.185588856495746,1554.5625
16.avi,Running,ihn,0.8153555589434587,0.9144895165446223,0.9241362267977706,0.6603338183974645,28.423977999409544,54.43058890014072,29.209528975323387,1554.5625
17.avi,Running,classical,1.0,0.038047507661740046,0.7655255156090853,0.06401887328805494,52.216128999134526,78.90468345212867,16.140550248440604,1554.5625
17.avi,Running,ihn,1.0,0.1092315452706889,0.17897251907424472,0.03182130864159385,28.208953999637743,53.98803370153473,21.957005475540964,1554.5625
18.avi,Running,classical,1.0,0.0012394260979850921,0.5734252696990199,0.02728315992723534,73.10105999931693,79.11411809964193,17.81869981731026,1554.5625
18.avi,Running,ihn,1.0,0.17432040444265767,0.9044430084012888,0.1466255728344546,45.42569200020807,56.27876344769902,25.310549911900395,1554.5625
19.avi,Running,classical,0.746810347038955,0.8934363343712562,0.9201524789815329,0.7438163889111791,59.717420999731985,78.17403479948553,16.073619254185214,1554.5625
19.avi,Running,ihn,0.7872105949701982,0.9280627285712325,0.869946971506924,0.7251114729026324,54.913993501031655,58.13481550085271,29.911262637027498,1554.5625
2.avi,Running,classical,0.7289731886168532,0.8975358153100002,0.7983103441913736,0.6705420933689964,62.5349615002051,79.77613840212143,17.75099860235022,1554.5625
2.avi,Running,ihn,0.8013822693737781,0.9262151817380815,0.8734309350279668,0.6938646100698627,51.85748650001187,57.22320695058443,25.938626661112437,1554.5625
20.avi,Running,classical,0.6582805886043833,0.8964194619671865,0.94179245609663,0.7753295604543861,63.62473400076851,78.61504970023816,15.255448248287802,1554.5625
20.avi,Running,ihn,0.794717258421719,0.9311980809938326,0.880861314209215,0.746183542023854,34.534817499661585,56.94315240216383,29.544502254288627,1554.5625
21.avi,Running,classical,0.7437966838756707,0.8486969199169114,0.6601864296795762,0.21740605042699335,57.34298549941741,80.18303210046724,14.849409852330703,1554.5625
21.avi,Running,ihn,0.7807137048168739,0.8958155815820082,0.9106188940606815,0.7695682122065967,30.033553501198185,55.5476573515989,27.78821809692403,1554.5625
3.avi,Running,classical,0.7593599964224259,0.9131815221685242,0.8429614257142667,0.6398868661967021,50.166536999313394,80.39779925020412,16.416650564653317,1554.5625
3.avi,Running,ihn,0.7859166180680719,0.9209173513817407,0.7915878703067674,0.6280813742107827,49.05769700053497,53.93176445231802,28.198507698009756,1554.5625
4.avi,Running,classical,0.7495832175282475,0.9213287846490993,0.8854486388209836,0.7637085805931457,52.312209001684096,78.67359444862814,15.565303633762143,1554.5625
4.avi,Running,ihn,0.7571419212333239,0.9201824323422597,0.8326399330919254,0.7936833917950941,36.30907300248509,54.35329934934998,31.618402288571332,1554.5625
5.avi,Running,classical,0.7274205283053263,0.9005237592849196,0.8943896518236656,0.701368460346943,64.36384600056044,81.6735039006744,17.29615213869158,1554.5625
5.avi,Running,ihn,0.7657745035438159,0.9286534138720774,0.8508862401121503,0.8207812757421167,36.83847650063399,53.50068315165117,23.28068207490061,1554.5625
6.avi,Running,classical,0.7055582895835042,0.8822991961741697,0.9128974366048994,0.7152987973671685,65.55239649969735,85.18299754814507,17.075981010870134,1554.5625
6.avi,Running,ihn,0.7549805691024255,0.9124133814588631,0.8951114169950454,0.7937265212127723,41.33785249905486,53.67334344846313,25.015511261749634,1554.5625
7.avi,Running,classical,0.6849320728688681,0.8853158763409175,0.8299978012793552,0.6142053747475221,62.95110549945093,75.78671975024918,16.570353890143398,1554.5625
7.avi,Running,ihn,0.7652784079448908,0.9193763409229668,0.8438676597573818,0.6900214254263792,33.3640960016055,52.20492254866258,28.094828834259385,1554.5625
8.avi,Running,classical,1.0,0.06561121411864382,0.9280573653939133,0.23738228266183484,58.5464684991166,72.24283339819522,16.478195846096206,1554.5625
8.avi,Running,ihn,0.8011926873244801,0.9028453820763577,0.9152108453817902,0.7326742810927139,36.41435900135548,52.666737198160256,29.58550905363996,1554.5625
9.avi,Running,classical,0.7235887845777231,0.8814500335060631,0.7850969319553203,0.6264205081337904,62.34719099848007,79.95824360004917,16.45075491989009,1554.5625
9.avi,Running,ihn,0.831571053288092,0.9351090404402991,0.9719113425334573,0.9344903511352539,46.563839499867754,56.4679562479796,26.993980499996443,1554.5625
